日期,公司,比赛队伍,赢(最新),平(最新),输(最新),赢(最旧),平(最旧),输(最旧),最新时间,最旧时间
'2021-09-07 00:30,百家欧赔,法罗21 - 法国U21(1-1),20.62,9.13,1.08,13.86,6.68,1.15,'2021-09-07 00:27:30,'2021-09-03 22:03:45
'2021-09-07 00:30,威廉希尔,法罗21 - 法国U21(1-1),26.00,7.50,1.05,21.00,5.80,1.11,'2021-09-07 00:28:00,'2021-09-04 04:22:00
'2021-09-07 01:00,百家欧赔,厄斯特什 - 瓦斯特拉斯(1-1),2.00,3.30,3.67,2.06,3.20,3.49,'2021-09-07 00:47:37,'2021-08-25 21:48:25
'2021-09-07 01:00,威廉希尔,厄斯特什 - 瓦斯特拉斯(1-1),2.00,3.10,3.60,2.10,3.00,3.50,'2021-09-06 22:56:00,'2021-08-26 00:30:00
'2021-09-07 03:00,百家欧赔,博尔顿 - 伯顿(0-0),2.10,3.41,3.31,2.12,3.38,3.26,'2021-09-07 02:58:21,'2021-08-21 23:10:36
'2021-09-07 03:00,威廉希尔,博尔顿 - 伯顿(0-0),2.15,3.50,3.25,2.30,3.20,3.20,'2021-09-07 02:57:00,'2021-08-29 20:24:00
'2021-09-07 03:00,百家欧赔,摩德纳 - 雷吉亚那(1-1),2.85,2.68,2.66,2.23,3.01,3.17,'2021-09-07 02:58:22,'2021-08-31 02:09:24
'2021-09-07 03:00,威廉希尔,摩德纳 - 雷吉亚那(1-1),2.88,2.63,2.70,2.05,3.00,3.25,'2021-09-07 02:57:00,'2021-09-01 22:26:00
'2021-09-07 05:00,百家欧赔,大学生 - 阿根廷青年人(1-1),2.35,2.88,3.23,2.18,3.05,3.42,'2021-09-07 04:08:44,'2021-08-30 10:56:15
'2021-09-07 05:00,威廉希尔,大学生 - 阿根廷青年人(1-1),2.40,2.88,3.30,2.25,3.00,3.40,'2021-09-07 03:43:00,'2021-08-30 20:55:00
'2021-09-07 07:00,百家欧赔,智利大学 - 塞雷那(1-1),1.46,4.22,6.09,1.68,3.56,4.57,'2021-09-07 06:59:33,'2021-08-29 04:38:47
'2021-09-07 07:00,威廉希尔,智利大学 - 塞雷那(1-1),1.44,4.20,6.50,1.62,3.60,5.50,'2021-09-07 06:59:00,'2021-08-29 18:22:00
'2021-09-07 07:00,百家欧赔,圣菲利浦 - 基约塔(1-1),2.39,2.87,2.96,2.09,3.09,3.26,'2021-09-07 06:59:33,'2021-09-02 09:53:06
'2021-09-07 07:00,威廉希尔,圣菲利浦 - 基约塔(1-1),2.45,2.80,3.00,2.10,3.00,3.40,'2021-09-07 06:58:00,'2021-09-06 07:01:00
'2021-09-06 00:30,百家欧赔,帕特罗纳图 - 铁路工场(0-0),3.26,3.01,2.27,2.76,2.97,2.60,'2021-09-06 00:20:17,'2021-08-30 04:15:03
'2021-09-06 00:30,威廉希尔,帕特罗纳图 - 铁路工场(0-0),3.40,3.00,2.25,2.80,2.90,2.70,'2021-09-05 23:58:00,'2021-08-30 20:55:00
'2021-09-06 00:45,百家欧赔,毕尔巴鄂B队 - 费罗尔竞赛(2-2),2.07,3.05,3.44,1.92,3.16,3.76,'2021-09-06 00:30:21,'2021-08-31 22:14:02
'2021-09-06 00:45,威廉希尔,毕尔巴鄂B队 - 费罗尔竞赛(2-2),2.05,2.90,3.40,1.91,3.10,3.75,'2021-09-05 19:50:00,'2021-09-02 00:20:00
'2021-09-06 01:00,百家欧赔,奥斯曼体育 - 伊尼高尔士邦(1-1),1.63,3.54,4.63,1.60,3.68,4.65,'2021-09-06 00:50:28,'2021-09-05 00:42:44
'2021-09-06 01:00,威廉希尔,奥斯曼体育 - 伊尼高尔士邦(1-1),1.75,3.30,4.00,1.65,3.30,4.75,'2021-09-06 00:58:00,'2021-09-05 18:18:00
'2021-09-06 01:00,百家欧赔,科鲁姆 - 迪亚巴克尔士邦(1-1),1.94,3.29,3.45,1.93,3.32,3.45,'2021-09-06 00:50:28,'2021-09-05 11:06:03
'2021-09-06 01:00,威廉希尔,科鲁姆 - 迪亚巴克尔士邦(1-1),2.10,3.00,3.25,1.91,3.40,3.40,'2021-09-06 00:58:00,'2021-09-05 22:18:00
'2021-09-06 01:00,百家欧赔,布卡士邦SK - 厄斯帕尔塔(1-1),1.74,3.54,4.00,1.73,3.58,3.96,'2021-09-05 23:19:58,'2021-09-05 11:06:03
'2021-09-06 01:00,威廉希尔,布卡士邦SK - 厄斯帕尔塔(1-1),1.22,5.00,9.00,1.70,3.40,4.20,'2021-09-06 00:59:00,'2021-09-05 20:18:00
'2021-09-06 02:45,百家欧赔,科索沃 - 希腊(1-1),3.49,3.04,2.27,3.39,3.09,2.23,'2021-09-06 02:00:52,'2021-08-31 17:12:38
'2021-09-06 02:45,威廉希尔,科索沃 - 希腊(1-1),3.60,3.00,2.20,3.40,3.10,2.20,'2021-09-06 02:43:00,'2021-08-31 22:22:00
'2021-09-06 02:45,百家欧赔,瑞士 - 意大利(0-0),4.36,3.44,1.88,3.71,3.36,2.02,'2021-09-06 02:41:04,'2021-08-31 17:12:38
'2021-09-06 02:45,威廉希尔,瑞士 - 意大利(0-0),5.00,3.40,1.73,3.60,3.30,2.05,'2021-09-06 02:35:00,'2021-09-02 16:20:00
'2021-09-06 03:00,百家欧赔,加蓬 - 埃及(1-1),4.92,3.08,1.82,2.90,2.80,2.55,'2021-09-06 02:51:08,'2021-09-02 09:02:54
'2021-09-06 03:00,威廉希尔,加蓬 - 埃及(1-1),5.50,2.90,1.80,2.80,2.88,2.75,'2021-09-06 02:59:00,'2021-09-03 00:22:00
'2021-09-06 04:00,百家欧赔,麦德林独立 - 圣菲独立(0-0),2.39,2.82,3.08,2.40,2.97,2.89,'2021-09-06 03:51:26,'2021-08-30 21:58:28
'2021-09-06 04:00,威廉希尔,麦德林独立 - 圣菲独立(0-0),2.38,2.80,3.25,2.38,2.88,3.10,'2021-09-06 03:58:00,'2021-09-01 22:25:00
'2021-09-06 05:00,百家欧赔,厄瓜多尔 - 智利(0-0),1.88,3.39,4.27,2.19,3.19,3.29,'2021-09-06 04:51:44,'2021-09-01 10:26:57
'2021-09-06 05:00,威廉希尔,厄瓜多尔 - 智利(0-0),1.80,3.60,4.33,2.25,3.10,3.25,'2021-09-06 04:59:00,'2021-09-01 02:22:00
'2021-09-06 05:15,百家欧赔,巴拉纳竞技 - 累西腓体育(0-0),1.66,3.46,5.44,1.81,3.35,4.46,'2021-09-06 05:11:51,'2021-08-30 21:58:27
'2021-09-06 05:15,威廉希尔,巴拉纳竞技 - 累西腓体育(0-0),1.67,3.40,5.80,1.83,3.30,4.50,'2021-09-06 05:06:00,'2021-08-31 12:17:00
'2021-09-06 06:00,百家欧赔,巴拉圭 - 哥伦比亚(1-1),3.46,2.96,2.30,3.40,3.12,2.16,'2021-09-06 05:52:02,'2021-09-01 10:26:57
'2021-09-06 06:00,威廉希尔,巴拉圭 - 哥伦比亚(1-1),3.30,3.00,2.30,3.40,3.20,2.15,'2021-09-06 05:57:00,'2021-09-01 02:22:00
'2021-09-06 06:00,百家欧赔,竞技俱乐部 - 班菲尔德(0-0),2.32,3.00,3.19,1.95,3.11,4.02,'2021-09-06 05:52:03,'2021-08-30 03:54:59
'2021-09-06 06:00,威廉希尔,竞技俱乐部 - 班菲尔德(0-0),2.40,3.00,3.10,2.00,3.10,4.00,'2021-09-06 05:30:00,'2021-08-30 20:55:00
'2021-09-06 06:15,百家欧赔,莫纳加斯 - 委内瑞拉竞技(1-1),1.98,3.57,3.10,1.89,3.41,3.67,'2021-09-06 06:12:08,'2021-09-02 07:52:35
'2021-09-06 06:15,威廉希尔,莫纳加斯 - 委内瑞拉竞技(1-1),2.05,3.40,3.20,1.75,3.40,4.20,'2021-09-06 06:12:00,'2021-09-03 02:38:00
'2021-09-06 07:00,百家欧赔,萨尔瓦多 - 洪都拉斯(0-0),2.90,2.82,2.58,2.75,2.86,2.63,'2021-09-06 06:52:21,'2021-08-31 21:03:45
'2021-09-06 07:00,威廉希尔,萨尔瓦多 - 洪都拉斯(0-0),3.00,2.88,2.60,2.75,3.00,2.70,'2021-09-06 02:12:00,'2021-09-01 02:21:00
'2021-09-06 08:10,百家欧赔,美国 - 加拿大(1-1),1.58,3.67,5.55,1.55,3.82,5.49,'2021-09-06 07:52:38,'2021-08-31 21:03:45
'2021-09-06 08:10,威廉希尔,美国 - 加拿大(1-1),1.62,3.70,5.50,1.57,3.80,6.00,'2021-09-06 07:59:00,'2021-09-01 02:21:00
'2021-09-06 08:15,百家欧赔,河床 - 阿根廷独立(1-1),2.15,3.13,3.46,1.79,3.54,4.66,'2021-09-06 08:12:44,'2021-08-30 10:56:15
'2021-09-06 08:15,威廉希尔,河床 - 阿根廷独立(1-1),2.20,3.10,3.40,1.70,3.60,4.80,'2021-09-06 06:18:00,'2021-08-30 20:55:00
'2021-09-06 21:00,百家欧赔,乌干达 - 马里(0-0),3.60,2.59,2.35,3.49,2.84,2.21,'2021-09-06 20:56:27,'2021-09-04 18:20:35
'2021-09-06 21:00,威廉希尔,乌干达 - 马里(0-0),3.60,2.60,2.45,3.70,2.88,2.20,'2021-09-06 20:55:00,'2021-09-04 20:21:00
'2021-09-06 21:00,百家欧赔,贝宁 - 民主刚果(1-1),2.42,2.66,3.36,2.54,3.04,2.72,'2021-09-06 20:56:27,'2021-09-02 21:56:27
'2021-09-06 21:00,威廉希尔,贝宁 - 民主刚果(1-1),2.50,2.60,3.50,2.60,3.20,2.70,'2021-09-06 20:55:00,'2021-09-03 00:23:00
'2021-09-06 23:15,百家欧赔,德国U19 - 英格兰U19(1-1),2.44,3.29,2.60,2.44,3.34,2.57,'2021-09-06 23:07:07,'2021-09-06 09:53:13
'2021-09-06 23:15,百家欧赔,德国U19 - 英格兰U19(1-1),2.44,3.29,2.60,2.44,3.34,2.57,'2021-09-06 23:07:07,'2021-09-06 09:53:13
'2021-09-06 23:50,百家欧赔,纳积兰 - 尤胡德(1-1),1.87,3.52,3.47,2.04,3.33,3.22,'2021-09-06 23:47:19,'2021-09-05 23:19:58
'2021-09-06 23:50,威廉希尔,纳积兰 - 尤胡德(1-1),2.00,3.10,3.40,1.91,3.40,3.40,'2021-09-06 23:48:00,'2021-09-06 16:19:00
'2021-09-05 00:30,百家欧赔,图库曼竞技 - 兵工厂(0-0),1.66,3.71,4.81,1.72,3.62,4.38,'2021-09-05 00:22:37,'2021-08-30 10:36:11
'2021-09-05 00:30,威廉希尔,图库曼竞技 - 兵工厂(0-0),1.62,3.70,5.50,1.75,3.60,4.50,'2021-09-05 00:00:00,'2021-08-30 20:54:00
'2021-09-05 00:30,百家欧赔,马德里国际 - 扎莫拉(1-1),2.24,3.04,3.05,2.10,3.07,3.30,'2021-09-05 00:22:37,'2021-08-31 22:44:10
'2021-09-05 00:30,威廉希尔,马德里国际 - 扎莫拉(1-1),2.25,2.90,3.00,2.10,3.00,3.25,'2021-09-05 00:10:00,'2021-09-02 00:18:00
'2021-09-05 01:30,百家欧赔,萨瓦德尔 - 林恩斯(0-0),1.75,3.34,4.31,1.87,3.24,3.87,'2021-09-05 01:22:59,'2021-08-31 20:43:40
'2021-09-05 01:30,威廉希尔,萨瓦德尔 - 林恩斯(0-0),1.75,3.10,4.33,1.83,3.40,3.60,'2021-09-04 18:27:00,'2021-09-02 00:18:00
'2021-09-05 02:00,百家欧赔,卡塞罗 - 坦珀利(0-0),1.90,3.13,4.08,1.75,3.36,4.46,'2021-09-05 01:43:05,'2021-09-02 01:30:50
'2021-09-05 02:00,威廉希尔,卡塞罗 - 坦珀利(0-0),3.80,2.63,2.20,1.73,3.30,4.80,'2021-09-05 01:58:00,'2021-09-02 14:26:00
'2021-09-05 02:00,百家欧赔,查卡里塔青年 - 瑞斯塔(0-0),2.07,2.96,3.78,2.40,2.85,3.04,'2021-09-05 01:43:05,'2021-09-02 01:30:50
'2021-09-05 02:00,威廉希尔,查卡里塔青年 - 瑞斯塔(0-0),2.00,2.88,4.20,2.50,2.80,3.00,'2021-09-05 01:51:00,'2021-09-02 14:25:00
'2021-09-05 02:00,百家欧赔,维拉多尔米尼 - 圣太摩(3-3),2.56,2.80,2.90,2.49,2.97,2.80,'2021-09-05 01:53:08,'2021-09-02 01:40:56
'2021-09-05 02:00,威廉希尔,维拉多尔米尼 - 圣太摩(3-3),2.70,2.70,2.88,2.45,3.10,2.80,'2021-09-05 01:29:00,'2021-09-02 14:26:00
'2021-09-05 02:30,百家欧赔,梅西纳 - 巴勒莫(1-1),3.42,3.11,2.06,3.13,3.06,2.21,'2021-09-04 23:12:15,'2021-08-31 13:21:46
'2021-09-05 02:30,威廉希尔,梅西纳 - 巴勒莫(1-1),3.30,3.00,2.15,2.90,3.00,2.30,'2021-09-04 23:28:00,'2021-09-01 22:23:00
'2021-09-05 02:30,百家欧赔,尤文斯塔比亚 - 阿韦利诺(0-0),2.59,2.92,2.69,2.58,2.91,2.69,'2021-09-05 02:23:19,'2021-08-30 22:38:36
'2021-09-05 02:30,威廉希尔,尤文斯塔比亚 - 阿韦利诺(0-0),2.63,2.80,2.75,2.50,2.88,2.63,'2021-09-05 02:05:00,'2021-09-01 22:23:00
'2021-09-05 02:30,百家欧赔,匹彻诺 - 卡坦萨罗(0-0),4.00,3.37,1.82,4.16,3.44,1.75,'2021-09-05 02:13:15,'2021-08-30 22:48:39
'2021-09-05 02:30,威廉希尔,匹彻诺 - 卡坦萨罗(0-0),4.00,3.30,1.83,4.00,3.50,1.73,'2021-09-05 02:12:00,'2021-09-01 22:23:00
'2021-09-05 02:45,百家欧赔,乌克兰 - 法国(1-1),5.63,3.81,1.63,5.13,3.73,1.67,'2021-09-05 02:43:24,'2021-08-30 22:18:31
'2021-09-05 02:45,威廉希尔,乌克兰 - 法国(1-1),5.80,3.60,1.60,5.00,3.70,1.67,'2021-09-05 00:27:00,'2021-08-31 08:23:00
'2021-09-05 02:45,百家欧赔,科隆竞技 - 纽维尔老男孩(1-1),2.15,3.23,3.29,1.95,3.25,3.85,'2021-09-05 02:43:25,'2021-08-30 10:36:11
'2021-09-05 02:45,威廉希尔,科隆竞技 - 纽维尔老男孩(1-1),2.25,3.10,3.25,2.05,3.20,3.75,'2021-09-05 02:42:00,'2021-08-30 20:54:00
'2021-09-05 02:45,百家欧赔,拉努斯 - 萨米恩托(1-1),1.79,3.52,4.20,1.76,3.48,4.35,'2021-09-05 02:43:25,'2021-08-30 10:36:11
'2021-09-05 02:45,威廉希尔,拉努斯 - 萨米恩托(1-1),1.85,3.50,4.00,1.80,3.40,4.60,'2021-09-05 02:31:00,'2021-08-30 20:54:00
'2021-09-05 03:00,百家欧赔,富恩拉布雷达 - 卢戈(1-1),1.91,3.00,4.51,1.94,3.00,4.25,'2021-09-05 02:53:28,'2021-08-28 17:24:36
'2021-09-05 03:00,威廉希尔,富恩拉布雷达 - 卢戈(1-1),1.95,2.90,4.75,1.95,3.00,4.60,'2021-09-05 02:55:00,'2021-08-29 04:21:00
'2021-09-05 03:30,百家欧赔,马杜拉 - SD朗洛尼斯(0-0),2.25,3.01,3.06,2.63,3.03,2.62,'2021-09-05 03:23:39,'2021-08-31 22:44:10
'2021-09-05 03:30,威廉希尔,马杜拉 - SD朗洛尼斯(0-0),2.20,2.90,3.10,3.00,3.25,2.10,'2021-09-05 03:24:00,'2021-09-02 00:18:00
'2021-09-05 03:30,百家欧赔,利纳雷斯 - 阿尔科亚诺(1-1),2.34,2.90,3.02,2.14,3.03,3.27,'2021-09-05 03:23:39,'2021-08-31 22:24:05
'2021-09-05 03:30,威廉希尔,利纳雷斯 - 阿尔科亚诺(1-1),2.30,2.75,3.10,2.10,3.30,3.00,'2021-09-05 03:08:00,'2021-09-02 00:18:00
'2021-09-05 04:10,百家欧赔,阿尔米 - 圣马丁图库曼(0-0),2.58,2.76,2.94,2.60,2.83,2.88,'2021-09-05 03:33:42,'2021-09-02 01:30:50
'2021-09-05 04:10,威廉希尔,阿尔米 - 圣马丁图库曼(0-0),2.60,2.70,3.00,2.40,2.88,3.10,'2021-09-05 02:55:00,'2021-09-02 14:26:00
'2021-09-05 04:15,百家欧赔,累西腓航海 - 巴西瓜拉尼(1-1),2.42,3.05,2.91,2.29,3.01,3.11,'2021-09-05 04:13:54,'2021-08-28 22:46:48
'2021-09-05 04:15,威廉希尔,累西腓航海 - 巴西瓜拉尼(1-1),2.50,3.00,2.88,2.30,3.00,3.30,'2021-09-05 04:14:00,'2021-08-29 06:19:00
'2021-09-05 05:00,百家欧赔,普拉腾斯 - 圣洛伦索(1-1),2.55,2.98,2.82,2.30,3.08,3.06,'2021-09-05 04:54:07,'2021-08-30 03:34:56
'2021-09-05 05:00,威廉希尔,普拉腾斯 - 圣洛伦索(1-1),2.63,2.90,2.88,2.30,3.10,3.20,'2021-09-05 04:58:00,'2021-08-30 20:54:00
'2021-09-05 08:30,百家欧赔,艾斯图第安特 - FC萨莫拉(0-0),2.18,3.39,2.83,2.32,3.23,2.73,'2021-09-05 08:25:14,'2021-09-02 07:32:30
'2021-09-05 08:30,威廉希尔,艾斯图第安特 - FC萨莫拉(0-0),2.30,3.30,2.80,2.30,3.20,2.80,'2021-09-05 07:25:00,'2021-09-03 00:20:00
'2021-09-05 15:00,百家欧赔,青岛青春岛 - 青岛中能(0-0),10.38,4.99,1.22,7.16,4.19,1.41,'2021-09-05 14:57:19,'2021-09-04 20:31:22
'2021-09-05 15:00,威廉希尔,青岛青春岛 - 青岛中能(0-0),10.00,4.50,1.25,9.00,4.20,1.30,'2021-09-05 14:57:00,'2021-09-05 10:23:00
'2021-09-05 16:00,百家欧赔,布里斯班前锋 - 半岛电力(0-0),23.50,10.92,1.05,19.35,9.52,1.08,'2021-09-05 15:57:37,'2021-09-03 12:40:47
'2021-09-05 16:00,威廉希尔,布里斯班前锋 - 半岛电力(0-0),29.00,12.00,1.05,29.00,12.00,1.05,'2021-09-05 12:22:00,'2021-09-05 12:22:00
'2021-09-05 17:00,百家欧赔,广岛三箭 - 神户胜利船(1-1),2.49,3.13,2.80,2.69,3.32,2.46,'2021-09-05 16:17:43,'2021-08-07 10:42:16
'2021-09-05 17:00,威廉希尔,广岛三箭 - 神户胜利船(1-1),2.50,3.00,2.80,2.80,3.40,2.30,'2021-09-05 15:14:00,'2021-08-07 16:22:00
'2021-09-05 17:00,百家欧赔,冈山绿雉 - 爱媛FC(0-0),1.93,3.06,4.24,1.71,3.49,4.56,'2021-09-05 16:57:55,'2021-08-26 17:34:48
'2021-09-05 17:00,威廉希尔,冈山绿雉 - 爱媛FC(0-0),1.83,3.00,4.60,1.70,3.40,4.60,'2021-09-05 16:53:00,'2021-08-27 00:20:00
'2021-09-05 17:00,百家欧赔,川崎前锋 - 浦和红钻(3-3),1.64,3.74,4.99,1.36,4.57,7.95,'2021-09-05 16:57:56,'2021-09-01 20:49:32
'2021-09-05 17:00,威廉希尔,川崎前锋 - 浦和红钻(3-3),1.65,3.50,4.80,1.29,4.60,10.00,'2021-09-05 15:49:00,'2021-09-01 22:25:00
'2021-09-05 17:30,百家欧赔,斯波女足 - 比利亚女(0-0),2.04,3.47,3.06,1.84,3.70,3.39,'2021-09-05 17:28:06,'2021-09-04 20:11:15
'2021-09-05 17:30,威廉希尔,斯波女足 - 比利亚女(0-0),2.15,3.20,2.90,1.80,3.50,3.60,'2021-09-05 17:00:00,'2021-09-05 10:17:00
'2021-09-05 18:30,百家欧赔,狮子港 - BEC萨萨纳(3-3),1.45,4.12,5.86,1.50,4.04,5.40,'2021-09-05 18:28:25,'2021-09-04 17:00:07
'2021-09-05 18:30,威廉希尔,狮子港 - BEC萨萨纳(3-3),1.44,3.90,6.00,1.44,3.75,6.00,'2021-09-05 18:15:00,'2021-09-05 10:17:00
'2021-09-05 19:00,百家欧赔,清莱联 - 芭堤雅联(2-2),1.56,3.94,4.81,1.83,3.52,3.76,'2021-09-05 18:58:35,'2021-09-04 17:00:07
'2021-09-05 19:00,威廉希尔,清莱联 - 芭堤雅联(2-2),1.53,3.75,5.00,1.85,3.20,3.70,'2021-09-05 18:50:00,'2021-09-05 10:17:00
'2021-09-05 19:00,百家欧赔,春武里省 - 曼谷玻璃(1-1),4.13,3.42,1.77,4.37,3.58,1.69,'2021-09-05 18:58:35,'2021-09-04 17:00:07
'2021-09-05 19:00,威廉希尔,春武里省 - 曼谷玻璃(1-1),4.20,3.40,1.70,4.50,3.40,1.65,'2021-09-05 18:43:00,'2021-09-05 10:17:00
'2021-09-05 19:15,百家欧赔,PSM马卡萨 - 阿雷玛(1-1),3.46,3.28,1.94,2.58,3.26,2.67,'2021-09-05 19:08:38,'2021-09-04 23:52:27
'2021-09-05 19:15,威廉希尔,PSM马卡萨 - 阿雷玛(1-1),3.90,3.10,1.91,3.30,3.00,2.15,'2021-09-05 18:32:00,'2021-09-05 16:19:00
'2021-09-05 19:15,威廉希尔,PSM马卡萨 - 阿雷玛(1-1),3.90,3.10,1.91,3.30,3.00,2.15,'2021-09-05 18:32:00,'2021-09-05 16:19:00
'2021-09-05 19:15,威廉希尔,PSM马卡萨 - 阿雷玛(1-1),3.90,3.10,1.91,3.30,3.00,2.15,'2021-09-05 18:32:00,'2021-09-05 16:19:00
'2021-09-05 20:30,百家欧赔,戈梅尔火车头 - 德内普(1-1),2.86,3.21,2.25,2.97,3.34,2.12,'2021-09-05 20:29:02,'2021-08-29 19:32:57
'2021-09-05 20:30,威廉希尔,戈梅尔火车头 - 德内普(1-1),2.88,3.00,2.30,2.90,3.30,2.10,'2021-09-05 20:25:00,'2021-09-01 22:25:00
'2021-09-05 20:30,威廉希尔,戈梅尔火车头 - 德内普(1-1),2.88,3.00,2.30,2.90,3.30,2.10,'2021-09-05 20:25:00,'2021-09-01 22:25:00
'2021-09-05 20:30,威廉希尔,戈梅尔火车头 - 德内普(1-1),2.88,3.00,2.30,2.90,3.30,2.10,'2021-09-05 20:25:00,'2021-09-01 22:25:00
'2021-09-05 21:00,百家欧赔,挪臂 - 维萨隆德(0-0),1.64,3.99,4.62,1.60,3.91,4.97,'2021-09-05 20:59:13,'2021-08-25 15:36:26
'2021-09-05 21:00,威廉希尔,挪臂 - 维萨隆德(0-0),1.57,3.75,5.00,1.57,3.50,5.50,'2021-09-05 20:54:00,'2021-08-26 00:30:00
'2021-09-05 21:00,百家欧赔,1922科尼亚 - 塔素斯(0-0),6.32,4.57,1.37,5.07,4.24,1.59,'2021-09-05 20:59:14,'2021-09-05 02:43:25
'2021-09-05 21:00,威廉希尔,1922科尼亚 - 塔素斯(0-0),7.50,4.20,1.33,8.50,4.50,1.29,'2021-09-05 20:59:00,'2021-09-05 18:18:00
'2021-09-05 21:00,百家欧赔,卢旺达 - 肯尼亚(1-1),2.58,2.67,3.04,2.29,2.86,3.25,'2021-09-05 20:59:14,'2021-09-02 21:56:27
'2021-09-05 21:00,威廉希尔,卢旺达 - 肯尼亚(1-1),2.63,2.70,3.10,2.30,2.90,3.40,'2021-09-05 20:46:00,'2021-09-03 00:22:00
'2021-09-05 21:30,百家欧赔,萨热耶尔 - 埃尔盖内(1-1),1.70,3.50,4.19,1.68,3.55,4.22,'2021-09-05 21:29:24,'2021-09-05 00:32:41
'2021-09-05 21:30,威廉希尔,萨热耶尔 - 埃尔盖内(1-1),1.70,3.30,4.33,1.70,3.30,4.33,'2021-09-05 18:18:00,'2021-09-05 18:18:00
'2021-09-05 21:30,百家欧赔,斯莱曼 - 佩西加雅加达(1-1),4.39,3.31,1.74,2.99,3.18,2.41,'2021-09-05 21:29:24,'2021-09-04 23:52:27
'2021-09-05 21:30,威廉希尔,斯莱曼 - 佩西加雅加达(1-1),5.50,3.40,1.62,3.90,3.10,1.91,'2021-09-05 21:28:00,'2021-09-05 16:19:00
'2021-09-05 22:00,百家欧赔,多加尔普戴 - 弗拉季高加索(1-1),4.95,3.90,1.57,4.91,3.77,1.58,'2021-09-05 21:49:30,'2021-09-02 17:35:09
'2021-09-05 22:00,威廉希尔,多加尔普戴 - 弗拉季高加索(1-1),5.00,3.75,1.57,5.00,3.70,1.57,'2021-09-05 21:21:00,'2021-09-04 02:27:00
'2021-09-05 22:00,百家欧赔,伊比萨城 - 亚摩勒比塔(1-1),1.84,3.13,4.62,2.14,2.91,3.66,'2021-09-05 21:59:34,'2021-08-28 22:26:40
'2021-09-05 22:00,威廉希尔,伊比萨城 - 亚摩勒比塔(1-1),1.80,3.20,5.00,2.10,3.00,3.80,'2021-09-05 21:19:00,'2021-08-29 04:22:00
'2021-09-05 22:00,百家欧赔,阿特兰大竞技 - 甘拿斯亚(1-1),2.47,2.69,3.19,2.69,2.69,2.86,'2021-09-05 21:59:34,'2021-09-02 17:35:10
'2021-09-05 22:00,威廉希尔,阿特兰大竞技 - 甘拿斯亚(1-1),2.50,2.70,3.10,2.60,2.63,3.10,'2021-09-05 21:12:00,'2021-09-03 00:22:00
'2021-09-05 22:00,百家欧赔,米特雷沙尔塔 - 里奥夸托(1-1),2.64,2.66,2.97,2.88,2.77,2.58,'2021-09-05 21:59:34,'2021-09-02 17:35:10
'2021-09-05 22:00,威廉希尔,米特雷沙尔塔 - 里奥夸托(1-1),2.50,2.70,3.10,3.00,2.75,2.50,'2021-09-05 21:54:00,'2021-09-03 00:22:00
'2021-09-05 23:00,百家欧赔,蒙特港 - 圣塔克鲁兹(2-2),2.13,2.98,3.34,2.11,3.07,3.29,'2021-09-05 22:59:51,'2021-09-05 10:45:56
'2021-09-05 23:00,威廉希尔,蒙特港 - 圣塔克鲁兹(2-2),2.10,3.10,3.30,2.00,3.20,3.25,'2021-09-05 22:36:00,'2021-09-03 02:38:00
'2021-09-05 23:00,百家欧赔,沃罗涅日火炬 - 克拉斯诺B(0-0),1.52,3.88,5.57,1.61,3.79,4.69,'2021-09-05 22:59:52,'2021-09-02 17:35:09
'2021-09-05 23:00,威廉希尔,沃罗涅日火炬 - 克拉斯诺B(0-0),1.50,3.80,5.80,1.62,3.70,4.80,'2021-09-05 22:44:00,'2021-09-04 02:27:00
'2021-09-05 23:00,百家欧赔,尤尼恩斯塔斯 - 莱昂内萨(2-2),2.63,2.88,2.66,2.58,2.93,2.64,'2021-09-05 22:59:52,'2021-08-31 23:34:22
'2021-09-05 23:00,威廉希尔,尤尼恩斯塔斯 - 莱昂内萨(2-2),2.60,2.75,2.70,2.60,2.88,2.60,'2021-09-05 11:07:00,'2021-09-02 00:20:00
'2021-09-05 23:30,百家欧赔,比士托尔斯 - 格罗瑟托(1-1),2.53,2.93,2.73,2.38,3.02,2.83,'2021-09-05 23:30:01,'2021-08-30 21:58:28
'2021-09-05 23:30,威廉希尔,比士托尔斯 - 格罗瑟托(1-1),2.63,2.88,2.70,2.25,3.00,3.00,'2021-09-05 23:29:00,'2021-09-01 22:25:00
'2021-09-05 23:30,百家欧赔,特拉莫 - 锡耶纳(0-0),3.01,2.97,2.32,2.89,3.00,2.36,'2021-09-05 23:30:01,'2021-08-30 20:38:10
'2021-09-05 23:30,威廉希尔,特拉莫 - 锡耶纳(0-0),3.00,2.80,2.45,2.75,3.00,2.40,'2021-09-05 23:29:00,'2021-09-01 22:25:00
'2021-09-05 23:30,百家欧赔,比沙奴 - 彭特德拉(2-2),2.17,2.97,3.32,2.06,3.05,3.42,'2021-09-05 23:30:01,'2021-08-30 20:38:10
'2021-09-05 23:30,威廉希尔,比沙奴 - 彭特德拉(2-2),2.20,2.88,3.40,2.00,3.00,3.60,'2021-09-05 19:22:00,'2021-09-01 22:25:00
'2021-09-05 23:59,百家欧赔,冰岛 - 北马其顿(2-2),2.55,3.06,2.98,2.25,3.31,3.13,'2021-09-05 23:50:06,'2021-08-31 17:02:36
'2021-09-05 23:59,威廉希尔,冰岛 - 北马其顿(2-2),2.50,3.10,2.88,2.20,3.25,3.20,'2021-09-05 23:58:00,'2021-08-31 22:22:00
'2021-09-05 23:59,百家欧赔,巴蒂卡 - 莫斯科鱼雷(1-1),4.09,3.37,1.83,2.87,3.15,2.31,'2021-09-05 23:50:07,'2021-09-02 17:35:09
'2021-09-05 23:59,威廉希尔,巴蒂卡 - 莫斯科鱼雷(1-1),3.80,3.40,1.85,2.90,3.10,2.30,'2021-09-05 23:58:00,'2021-09-04 02:27:00
'2021-09-05 23:59,百家欧赔,云斯卡尔达斯 - 布卡拉曼格(1-1),2.40,3.06,2.83,2.37,3.08,2.84,'2021-09-05 23:40:04,'2021-08-30 21:58:28
'2021-09-05 23:59,威廉希尔,云斯卡尔达斯 - 布卡拉曼格(1-1),2.40,3.00,2.90,2.38,2.90,3.10,'2021-09-05 23:25:00,'2021-09-01 22:25:00
'2021-09-05 23:59,百家欧赔,奥波莱 - 维德祖罗(0-0),3.00,3.12,2.30,2.79,3.17,2.38,'2021-09-05 23:50:07,'2021-08-30 11:06:17
'2021-09-05 23:59,威廉希尔,奥波莱 - 维德祖罗(0-0),3.10,3.00,2.25,2.75,3.10,2.40,'2021-09-05 23:43:00,'2021-08-30 20:55:00
'2021-09-05 23:59,百家欧赔,比利时U19 - 捷克U19(3-3),2.34,3.29,2.75,2.34,3.29,2.75,'2021-09-05 23:40:04,'2021-09-05 10:56:00
'2021-09-05 23:59,百家欧赔,比利时U19 - 捷克U19(3-3),2.34,3.29,2.75,2.34,3.29,2.75,'2021-09-05 23:40:04,'2021-09-05 10:56:00
'2021-09-04 01:00,百家欧赔,罗森海姆 - 斯切丁喜宁(2-2),3.79,3.95,1.73,3.74,3.73,1.77,'2021-09-04 00:54:45,'2021-08-25 01:32:23
'2021-09-04 01:00,威廉希尔,罗森海姆 - 斯切丁喜宁(2-2),3.50,3.70,1.85,4.00,3.70,1.73,'2021-09-04 00:57:00,'2021-09-02 20:19:00
'2021-09-04 01:00,百家欧赔,布尔格 - 勒芒(1-1),2.11,3.05,3.44,2.22,2.99,3.20,'2021-09-04 00:54:45,'2021-08-28 19:15:22
'2021-09-04 01:00,威廉希尔,布尔格 - 勒芒(1-1),2.05,3.00,3.60,2.15,3.00,3.30,'2021-09-04 00:57:00,'2021-08-28 22:40:00
'2021-09-04 01:00,百家欧赔,沙托鲁 - 布里欧齐(0-0),1.93,3.08,4.03,1.94,3.08,3.96,'2021-09-04 00:54:45,'2021-08-28 19:25:26
'2021-09-04 01:00,威廉希尔,沙托鲁 - 布里欧齐(0-0),1.95,3.20,3.75,2.00,3.00,3.75,'2021-09-04 00:57:00,'2021-08-28 22:40:00
'2021-09-04 01:30,百家欧赔,费耶诺德女足 - 海伦芬女足(2-2),1.76,3.87,3.52,1.79,3.91,3.37,'2021-09-04 01:14:56,'2021-09-02 12:43:50
'2021-09-04 01:30,威廉希尔,费耶诺德女足 - 海伦芬女足(2-2),1.75,3.60,3.70,1.80,3.60,3.50,'2021-09-04 00:48:00,'2021-09-03 18:18:00
'2021-09-04 01:30,百家欧赔,阿尔赫西拉斯 - 雷乌斯(2-2),2.58,2.78,2.83,2.34,3.08,2.90,'2021-09-04 01:25:00,'2021-08-31 20:43:40
'2021-09-04 01:30,威廉希尔,阿尔赫西拉斯 - 雷乌斯(2-2),2.38,2.80,2.90,2.40,3.20,2.60,'2021-09-04 01:27:00,'2021-09-01 00:22:00
'2021-09-04 02:30,百家欧赔,哥罗纳 - 莱格尼察(0-0),2.81,3.02,2.50,2.36,3.24,2.81,'2021-09-04 02:25:20,'2021-08-30 01:14:24
'2021-09-04 02:30,威廉希尔,哥罗纳 - 莱格尼察(0-0),2.70,3.00,2.50,2.38,3.10,2.80,'2021-09-04 02:26:00,'2021-08-30 14:21:00
'2021-09-04 02:30,百家欧赔,巴拉卡 - 费罗卡利(0-0),2.52,2.67,3.10,2.61,2.76,2.88,'2021-09-04 02:25:21,'2021-09-02 01:30:50
'2021-09-04 02:30,威廉希尔,巴拉卡 - 费罗卡利(0-0),2.50,2.70,3.10,2.63,2.70,3.00,'2021-09-04 02:26:00,'2021-09-02 14:25:00
'2021-09-04 02:45,百家欧赔,德罗赫达联 - 斯莱戈流浪(0-0),3.07,2.94,2.39,2.76,3.07,2.49,'2021-09-04 02:35:23,'2021-08-26 22:16:26
'2021-09-04 02:45,威廉希尔,德罗赫达联 - 斯莱戈流浪(0-0),3.10,2.90,2.38,2.88,3.00,2.45,'2021-09-04 02:42:00,'2021-08-30 10:25:00
'2021-09-04 02:45,百家欧赔,沃特福德联合 - 邓多克(1-1),3.23,3.34,2.17,4.81,3.62,1.66,'2021-09-04 02:35:23,'2021-08-26 22:16:26
'2021-09-04 02:45,威廉希尔,沃特福德联合 - 邓多克(1-1),3.20,3.40,2.25,5.50,3.60,1.62,'2021-09-03 22:24:00,'2021-08-29 10:19:00
'2021-09-04 02:45,威廉希尔,沃特福德联合 - 邓多克(1-1),3.20,3.40,2.25,5.50,3.60,1.62,'2021-09-03 22:24:00,'2021-08-29 10:19:00
'2021-09-04 02:45,威廉希尔,沃特福德联合 - 邓多克(1-1),3.20,3.40,2.25,5.50,3.60,1.62,'2021-09-03 22:24:00,'2021-08-29 10:19:00
'2021-09-04 04:00,百家欧赔,苏利亚 - FC波图格萨(0-0),2.28,3.15,2.85,2.47,3.13,2.64,'2021-09-04 03:55:50,'2021-09-03 10:30:11
'2021-09-04 04:00,威廉希尔,苏利亚 - FC波图格萨(0-0),2.30,3.25,2.88,2.38,3.20,2.80,'2021-09-04 03:58:00,'2021-09-03 14:18:00
'2021-09-04 06:00,百家欧赔,普拉斯哥野 - 阿瓦伊(0-0),2.93,2.90,2.50,2.84,2.98,2.49,'2021-09-04 05:56:29,'2021-08-28 22:26:40
'2021-09-04 06:00,威廉希尔,普拉斯哥野 - 阿瓦伊(0-0),2.88,2.90,2.63,3.00,3.00,2.50,'2021-09-04 05:57:00,'2021-08-29 06:24:00
'2021-09-04 06:00,百家欧赔,瓦斯科达伽马 - 佩洛塔(1-1),1.45,3.86,7.56,1.52,3.66,6.46,'2021-09-04 05:56:29,'2021-08-28 22:36:44
'2021-09-04 06:00,威廉希尔,瓦斯科达伽马 - 佩洛塔(1-1),1.44,4.00,8.50,1.55,3.70,6.50,'2021-09-04 05:52:00,'2021-08-29 06:24:00
'2021-09-04 06:00,百家欧赔,防御与正义 - 中央SDE(1-1),1.90,3.28,4.02,1.80,3.39,4.26,'2021-09-04 05:56:29,'2021-08-30 10:36:11
'2021-09-04 06:00,威廉希尔,防御与正义 - 中央SDE(1-1),1.91,3.30,4.00,1.75,3.50,4.60,'2021-09-04 05:20:00,'2021-08-30 20:53:00
'2021-09-04 06:10,百家欧赔,拉斐拉竞技 - 格梅斯竞技(1-1),3.03,2.67,2.58,2.82,2.77,2.62,'2021-09-04 06:06:32,'2021-09-02 01:30:50
'2021-09-04 06:10,威廉希尔,拉斐拉竞技 - 格梅斯竞技(1-1),3.00,2.60,2.70,2.90,2.70,2.70,'2021-09-04 05:57:00,'2021-09-02 14:25:00
'2021-09-04 06:15,百家欧赔,圭亚那矿工 - 中央大学(1-1),2.19,3.19,2.97,2.04,3.23,3.30,'2021-09-04 06:06:32,'2021-09-02 09:53:06
'2021-09-04 06:15,威廉希尔,圭亚那矿工 - 中央大学(1-1),2.25,3.20,2.90,1.91,3.30,3.90,'2021-09-04 06:13:00,'2021-09-03 14:18:00
'2021-09-04 08:30,百家欧赔,阿拉戈亚 - 维拉诺瓦(1-1),2.15,2.80,3.79,1.93,3.05,4.08,'2021-09-04 08:27:16,'2021-08-28 22:36:44
'2021-09-04 08:30,威廉希尔,阿拉戈亚 - 维拉诺瓦(1-1),2.15,2.88,3.90,1.95,3.10,4.20,'2021-09-04 08:13:00,'2021-08-29 06:24:00
'2021-09-04 12:30,百家欧赔,釜山偶像 - 大田市民(1-1),2.80,3.15,2.38,2.71,3.13,2.43,'2021-09-04 12:28:33,'2021-08-25 13:15:44
'2021-09-04 12:30,威廉希尔,釜山偶像 - 大田市民(1-1),2.80,3.10,2.38,2.80,3.10,2.40,'2021-09-04 07:18:00,'2021-09-01 06:25:00
'2021-09-04 13:00,百家欧赔,扬州市民 - 昌原(1-1),4.48,3.33,1.73,4.67,3.36,1.69,'2021-09-04 12:58:43,'2021-08-29 00:07:16
'2021-09-04 13:00,威廉希尔,扬州市民 - 昌原(1-1),4.50,3.20,1.70,4.50,3.10,1.73,'2021-09-04 11:48:00,'2021-09-04 07:18:00
'2021-09-04 13:30,百家欧赔,坎伯兰联 - 阿德莱德城(2-2),4.65,4.13,1.57,4.47,3.90,1.61,'2021-09-04 13:28:53,'2021-09-02 15:44:38
'2021-09-04 13:30,威廉希尔,坎伯兰联 - 阿德莱德城(2-2),5.50,4.40,1.44,4.60,3.75,1.62,'2021-09-04 13:28:00,'2021-09-04 08:20:00
'2021-09-04 15:00,百家欧赔,格韦鲁普 - 阿马达尔(1-1),1.84,4.11,3.59,1.92,3.94,3.07,'2021-09-04 14:59:23,'2021-09-03 12:00:36
'2021-09-04 15:00,威廉希尔,格韦鲁普 - 阿马达尔(1-1),1.85,3.90,3.25,1.91,3.80,3.20,'2021-09-04 14:58:00,'2021-09-04 07:10:00
'2021-09-04 15:00,百家欧赔,珀斯SC - 巴尔卡塔(0-0),1.34,5.07,6.45,1.41,4.68,5.70,'2021-09-04 14:59:23,'2021-09-03 12:00:36
'2021-09-04 15:00,威廉希尔,珀斯SC - 巴尔卡塔(0-0),1.36,4.60,6.50,1.35,4.60,7.00,'2021-09-04 14:42:00,'2021-09-04 14:35:00
'2021-09-04 15:30,百家欧赔,黑龙江冰城 - 四川九牛(1-1),2.14,3.19,3.16,2.07,3.35,3.16,'2021-09-04 15:29:35,'2021-09-03 23:24:14
'2021-09-04 15:30,威廉希尔,黑龙江冰城 - 四川九牛(1-1),2.30,3.00,3.00,2.10,3.20,3.10,'2021-09-04 15:29:00,'2021-09-04 07:05:00
'2021-09-04 16:00,百家欧赔,皮特什蒂 - 布快速(2-2),2.37,3.24,2.45,2.37,3.24,2.45,'2021-09-04 15:49:42,'2021-09-04 15:49:42
'2021-09-04 16:00,百家欧赔,皮特什蒂 - 布快速(2-2),2.37,3.24,2.45,2.37,3.24,2.45,'2021-09-04 15:49:42,'2021-09-04 15:49:42
'2021-09-04 17:00,百家欧赔,新泻天鹅 - 北九州向日葵(0-0),1.46,4.32,6.15,1.46,4.10,6.32,'2021-09-04 16:50:02,'2021-08-25 17:37:03
'2021-09-04 17:00,威廉希尔,新泻天鹅 - 北九州向日葵(0-0),1.44,3.90,6.50,1.40,3.90,8.00,'2021-09-04 16:57:00,'2021-08-27 00:20:00
'2021-09-04 18:00,百家欧赔,城南FC - 大邱FC(0-0),3.38,3.02,2.19,3.16,3.01,2.27,'2021-09-04 17:50:24,'2021-08-29 20:33:13
'2021-09-04 18:00,威廉希尔,城南FC - 大邱FC(0-0),3.50,3.10,2.15,3.20,3.00,2.38,'2021-09-04 17:17:00,'2021-08-30 10:17:00
'2021-09-04 18:00,百家欧赔,蔚山市民 - 金海(0-0),2.51,3.16,2.57,2.70,3.10,2.45,'2021-09-04 17:50:24,'2021-08-29 00:07:16
'2021-09-04 18:00,威廉希尔,蔚山市民 - 金海(0-0),2.50,3.00,2.60,2.45,3.00,2.63,'2021-09-04 17:44:00,'2021-09-04 07:18:00
'2021-09-04 18:00,威廉希尔,蔚山市民 - 金海(0-0),2.50,3.00,2.60,2.45,3.00,2.63,'2021-09-04 17:44:00,'2021-09-04 07:18:00
'2021-09-04 18:00,威廉希尔,蔚山市民 - 金海(0-0),2.50,3.00,2.60,2.45,3.00,2.63,'2021-09-04 17:44:00,'2021-09-04 07:18:00
'2021-09-04 18:30,百家欧赔,巴拉诺维奇 - 沃尔纳平斯克(3-3),4.43,3.90,1.60,5.03,3.89,1.54,'2021-09-04 18:20:34,'2021-08-29 19:53:02
'2021-09-04 18:30,威廉希尔,巴拉诺维奇 - 沃尔纳平斯克(3-3),4.60,3.60,1.60,5.50,3.80,1.50,'2021-09-04 18:09:00,'2021-09-01 22:23:00
'2021-09-04 18:40,百家欧赔,琴斯托火花 - 索斯诺维茨(0-0),3.72,3.32,2.03,2.96,3.20,2.32,'2021-09-04 18:30:39,'2021-08-30 03:24:54
'2021-09-04 18:40,威廉希尔,琴斯托火花 - 索斯诺维茨(0-0),1.85,3.30,3.90,3.00,3.00,2.30,'2021-09-04 18:09:00,'2021-08-30 20:54:00
'2021-09-04 19:00,百家欧赔,法尔肯堡 - 艾克罗保利斯(3-3),1.73,3.66,4.53,2.02,3.39,3.46,'2021-09-04 18:50:46,'2021-08-25 16:36:44
'2021-09-04 19:00,威廉希尔,法尔肯堡 - 艾克罗保利斯(3-3),1.62,3.70,4.80,2.15,3.10,3.20,'2021-09-04 18:54:00,'2021-08-26 00:30:00
'2021-09-04 19:00,百家欧赔,斯克维德 - 永斯基(1-1),2.12,3.42,2.99,2.04,3.48,3.07,'2021-09-04 18:50:46,'2021-09-02 06:02:06
'2021-09-04 19:00,威廉希尔,斯克维德 - 永斯基(1-1),2.10,3.20,3.00,2.15,3.25,2.88,'2021-09-04 18:54:00,'2021-09-04 07:18:00
'2021-09-04 19:00,百家欧赔,巴蜀基利 - 蒙通联(2-2),3.39,3.36,1.97,3.21,3.37,2.03,'2021-09-04 18:40:43,'2021-09-03 14:51:27
'2021-09-04 19:00,威廉希尔,巴蜀基利 - 蒙通联(2-2),3.50,3.20,1.91,3.20,3.25,2.00,'2021-09-04 18:54:00,'2021-09-04 10:19:00
'2021-09-04 19:00,百家欧赔,南邦 - 芒坎联(1-1),4.82,4.07,1.62,3.19,3.66,2.35,'2021-09-04 18:50:47,'2021-09-04 13:28:54
'2021-09-04 19:00,威廉希尔,南邦 - 芒坎联(1-1),5.80,4.20,1.40,3.20,3.40,2.00,'2021-09-04 18:54:00,'2021-09-04 16:19:00
'2021-09-04 19:00,百家欧赔,查英特 - 拉吉帕察(0-0),2.06,3.25,3.19,1.89,3.37,3.62,'2021-09-04 18:30:39,'2021-09-03 19:43:00
'2021-09-04 19:00,威廉希尔,查英特 - 拉吉帕察(0-0),1.95,3.10,3.50,2.38,3.20,2.63,'2021-09-04 18:22:00,'2021-09-04 16:19:00
'2021-09-04 19:35,百家欧赔,昆山队 - 陕西长安竞技(1-1),2.57,3.27,2.47,2.53,3.38,2.44,'2021-09-04 19:31:01,'2021-09-03 23:44:21
'2021-09-04 19:35,威廉希尔,昆山队 - 陕西长安竞技(1-1),2.50,3.10,2.63,2.50,3.20,2.50,'2021-09-04 19:21:00,'2021-09-04 07:06:00
'2021-09-04 20:00,百家欧赔,慕尼黑 - 梅彭(1-1),1.61,3.96,4.84,1.57,3.89,5.14,'2021-09-04 19:51:08,'2021-08-23 05:50:46
'2021-09-04 20:00,威廉希尔,慕尼黑 - 梅彭(1-1),1.55,3.90,5.00,1.53,3.70,5.50,'2021-09-04 19:47:00,'2021-08-28 22:41:00
'2021-09-04 20:00,百家欧赔,维尔拉 - BFC维(3-3),2.37,3.43,2.71,2.19,3.42,2.94,'2021-09-04 19:51:08,'2021-08-23 09:51:42
'2021-09-04 20:00,威廉希尔,维尔拉 - BFC维(3-3),2.60,3.30,2.40,2.15,3.30,3.00,'2021-09-04 19:54:00,'2021-08-28 22:41:00
'2021-09-04 20:00,百家欧赔,奥布斯塔特 - 奥青年(1-1),2.21,3.53,2.78,1.95,3.57,3.24,'2021-09-04 19:51:08,'2021-08-25 20:38:03
'2021-09-04 20:00,威廉希尔,奥布斯塔特 - 奥青年(1-1),2.15,3.40,2.90,1.91,3.40,3.40,'2021-09-04 19:47:00,'2021-09-01 22:23:00
'2021-09-04 20:00,百家欧赔,布拉布特 - 腓特烈堡联盟(0-0),2.05,3.26,3.21,1.98,3.29,3.36,'2021-09-04 19:51:08,'2021-09-02 18:45:30
'2021-09-04 20:00,威廉希尔,布拉布特 - 腓特烈堡联盟(0-0),2.10,3.10,3.10,2.00,3.40,3.25,'2021-09-04 19:35:00,'2021-09-03 00:20:00
'2021-09-04 20:00,百家欧赔,米德法特 - 提斯特德(0-0),2.04,3.44,3.10,2.25,3.37,2.76,'2021-09-04 19:51:08,'2021-09-02 18:45:30
'2021-09-04 20:00,威廉希尔,米德法特 - 提斯特德(0-0),2.00,3.25,3.20,2.40,3.50,2.50,'2021-09-04 15:55:00,'2021-09-03 00:20:00
'2021-09-04 20:00,百家欧赔,洛特维 - 奥芬巴(1-1),5.88,4.51,1.42,5.79,4.27,1.44,'2021-09-04 19:51:08,'2021-09-03 12:20:42
'2021-09-04 20:00,威廉希尔,洛特维 - 奥芬巴(1-1),6.50,4.20,1.44,5.80,4.00,1.50,'2021-09-04 18:21:00,'2021-09-03 20:28:00
'2021-09-04 20:00,百家欧赔,明斯特普鲁士 - 罗迪豪森(0-0),1.30,4.94,8.16,1.49,4.18,5.76,'2021-09-04 19:51:08,'2021-09-03 12:20:42
'2021-09-04 20:00,威廉希尔,明斯特普鲁士 - 罗迪豪森(0-0),1.33,4.40,8.00,1.35,4.40,7.50,'2021-09-04 19:50:00,'2021-09-03 20:28:00
'2021-09-04 20:00,百家欧赔,乌丁根 - 亚琛(0-0),12.08,6.68,1.17,10.23,5.74,1.28,'2021-09-04 19:51:08,'2021-09-03 12:20:42
'2021-09-04 20:00,威廉希尔,乌丁根 - 亚琛(0-0),11.00,9.00,1.10,17.00,7.50,1.10,'2021-09-03 21:28:00,'2021-09-03 20:28:00
'2021-09-04 20:00,百家欧赔,布里兰 - 尚卡汶里(0-0),1.24,5.28,9.79,1.35,4.60,7.21,'2021-09-04 19:51:08,'2021-09-03 20:03:07
'2021-09-04 20:00,威廉希尔,布里兰 - 尚卡汶里(0-0),1.22,4.75,11.00,1.36,4.20,7.00,'2021-09-04 19:57:00,'2021-09-04 10:19:00
'2021-09-04 20:00,百家欧赔,拉廊FC - 乌隆府(3-3),2.00,3.26,3.28,1.99,3.25,3.29,'2021-09-04 19:20:57,'2021-09-03 20:13:10
'2021-09-04 20:00,威廉希尔,拉廊FC - 乌隆府(3-3),2.10,3.00,3.25,2.00,3.25,3.25,'2021-09-04 18:04:00,'2021-09-04 16:19:00
'2021-09-04 20:30,百家欧赔,波迪利亚 - 特诺皮尔(1-1),2.24,3.05,2.99,2.34,3.05,2.82,'2021-09-04 20:21:18,'2021-09-03 14:51:27
'2021-09-04 20:30,威廉希尔,波迪利亚 - 特诺皮尔(1-1),2.20,2.90,3.10,2.50,3.10,2.60,'2021-09-04 20:27:00,'2021-09-04 14:21:00
'2021-09-04 20:30,百家欧赔,普学院女足 - 索罗克萨女足(1-1),2.28,3.54,2.60,2.15,3.56,2.76,'2021-09-04 20:21:19,'2021-09-03 17:32:17
'2021-09-04 20:30,威廉希尔,普学院女足 - 索罗克萨女足(1-1),2.25,3.25,2.70,2.10,3.75,2.70,'2021-09-04 20:01:00,'2021-09-04 16:19:00
'2021-09-04 21:00,百家欧赔,左登 - 德尔门霍斯特(0-0),2.77,3.57,2.19,2.61,3.47,2.36,'2021-09-04 20:51:29,'2021-09-03 12:20:42
'2021-09-04 21:00,威廉希尔,左登 - 德尔门霍斯特(0-0),2.75,3.40,2.25,2.75,3.40,2.25,'2021-09-04 14:03:00,'2021-09-03 20:28:00
'2021-09-04 22:00,百家欧赔,切尔滕汉姆 - 米尔顿凯恩斯(1-1),2.27,3.29,3.09,2.48,3.22,2.77,'2021-09-04 21:41:46,'2021-08-21 23:10:36
'2021-09-04 22:00,威廉希尔,切尔滕汉姆 - 米尔顿凯恩斯(1-1),2.25,3.30,3.20,2.50,3.25,2.80,'2021-09-04 21:55:00,'2021-08-29 04:21:00
'2021-09-04 22:00,百家欧赔,布拉德福德 - 沃尔索尔(1-1),1.72,3.51,4.89,1.69,3.55,4.93,'2021-09-04 21:51:49,'2021-08-29 17:22:19
'2021-09-04 22:00,威廉希尔,布拉德福德 - 沃尔索尔(1-1),1.70,3.50,5.50,1.70,3.50,5.50,'2021-09-04 21:53:00,'2021-08-29 20:24:00
'2021-09-04 22:00,百家欧赔,埃克赛特城 - 格兰森林流浪(0-0),2.76,3.25,2.49,2.89,3.25,2.35,'2021-09-04 21:51:49,'2021-08-29 17:22:19
'2021-09-04 22:00,威廉希尔,埃克赛特城 - 格兰森林流浪(0-0),2.80,3.10,2.60,3.00,3.20,2.40,'2021-09-04 21:55:00,'2021-08-29 20:24:00
'2021-09-04 22:00,百家欧赔,纽波特郡 - 莱顿东方(2-2),2.71,2.99,2.73,2.55,3.04,2.81,'2021-09-04 21:51:49,'2021-08-29 17:32:23
'2021-09-04 22:00,威廉希尔,纽波特郡 - 莱顿东方(2-2),2.75,3.20,2.63,2.60,3.00,2.90,'2021-09-04 21:18:00,'2021-08-29 20:24:00
'2021-09-04 22:00,百家欧赔,斯蒂文尼奇 - 斯文登(1-1),2.37,3.05,3.10,2.57,3.03,2.79,'2021-09-04 21:31:42,'2021-08-29 17:32:23
'2021-09-04 22:00,威廉希尔,斯蒂文尼奇 - 斯文登(1-1),2.38,3.00,3.25,2.60,3.00,2.90,'2021-09-04 20:34:00,'2021-08-29 20:24:00
'2021-09-04 22:00,百家欧赔,斯巴坦斯 - 巴克利城(0-0),3.69,3.31,1.90,4.04,3.41,1.78,'2021-09-04 21:51:49,'2021-09-01 21:49:47
'2021-09-04 22:00,威廉希尔,斯巴坦斯 - 巴克利城(0-0),3.70,3.25,1.95,3.75,3.40,1.80,'2021-09-04 21:46:00,'2021-09-02 00:18:00
'2021-09-04 22:00,百家欧赔,吉英瑟莱 - 京达米士特(0-0),3.53,3.48,1.90,3.18,3.43,2.03,'2021-09-04 21:51:49,'2021-09-01 21:49:47
'2021-09-04 22:00,威廉希尔,吉英瑟莱 - 京达米士特(0-0),3.40,3.25,2.05,2.88,3.40,2.05,'2021-09-04 21:55:00,'2021-09-02 00:18:00
'2021-09-04 22:00,百家欧赔,基特宁 - 菲尔德(1-1),3.39,3.70,1.88,3.97,3.64,1.76,'2021-09-04 21:41:46,'2021-09-01 21:49:47
'2021-09-04 22:00,威廉希尔,基特宁 - 菲尔德(1-1),3.50,3.60,1.91,4.00,3.75,1.67,'2021-09-04 20:13:00,'2021-09-02 00:18:00
'2021-09-04 22:00,百家欧赔,南港队 - 格茨海德(3-3),3.00,3.35,2.14,2.84,3.29,2.25,'2021-09-04 21:51:49,'2021-09-01 21:49:47
'2021-09-04 22:00,威廉希尔,南港队 - 格茨海德(3-3),3.00,3.25,2.20,2.75,3.25,2.20,'2021-09-04 15:36:00,'2021-09-02 00:18:00
'2021-09-04 22:00,百家欧赔,车姆斯福特 - 杜金(2-2),4.35,3.81,1.65,3.50,3.55,1.89,'2021-09-04 21:31:43,'2021-09-02 02:21:08
'2021-09-04 22:00,威廉希尔,车姆斯福特 - 杜金(2-2),4.50,3.70,1.67,3.25,3.40,1.91,'2021-09-04 21:29:00,'2021-09-03 00:20:00
'2021-09-04 22:00,百家欧赔,东伯恩 - 杜尔维治(2-2),3.03,3.67,2.02,2.59,3.50,2.36,'2021-09-04 21:51:49,'2021-09-02 02:21:08
'2021-09-04 22:00,威廉希尔,东伯恩 - 杜尔维治(2-2),3.00,3.40,2.15,2.40,3.40,2.50,'2021-09-04 21:46:00,'2021-09-03 00:20:00
'2021-09-04 22:00,百家欧赔,圣阿尔班斯 - 茨伯翰(1-1),1.98,3.61,3.15,2.18,3.41,2.89,'2021-09-04 21:51:49,'2021-09-02 02:01:02
'2021-09-04 22:00,威廉希尔,圣阿尔班斯 - 茨伯翰(1-1),1.95,3.40,3.10,2.15,3.40,2.70,'2021-09-04 21:29:00,'2021-09-03 20:28:00
'2021-09-04 22:00,百家欧赔,汤桥天使 - 汉普顿列治文(1-1),3.09,3.25,2.13,4.11,3.79,1.69,'2021-09-04 21:51:49,'2021-09-02 02:21:08
'2021-09-04 22:00,威廉希尔,汤桥天使 - 汉普顿列治文(1-1),3.10,3.20,2.20,4.00,4.00,1.62,'2021-09-04 21:53:00,'2021-09-03 00:20:00
'2021-09-04 22:00,百家欧赔,威灵 - 斯劳(2-2),2.90,3.54,2.12,2.97,3.41,2.12,'2021-09-04 21:21:39,'2021-09-02 02:01:02
'2021-09-04 22:00,威廉希尔,威灵 - 斯劳(2-2),3.00,3.40,2.15,3.00,3.40,2.00,'2021-09-04 20:04:00,'2021-09-03 00:20:00
'2021-09-04 22:00,百家欧赔,博雷汉姆 - 斯托克港(0-0),2.74,2.92,2.63,3.32,3.28,2.07,'2021-09-04 21:51:49,'2021-08-31 00:18:58
'2021-09-04 22:00,威廉希尔,博雷汉姆 - 斯托克港(0-0),2.75,2.88,2.63,3.50,3.25,2.00,'2021-09-04 21:53:00,'2021-08-31 04:22:00
'2021-09-04 22:00,百家欧赔,切斯特菲尔德 - 布罗雷(2-2),1.71,3.60,4.45,1.67,3.73,4.42,'2021-09-04 21:51:49,'2021-08-31 00:18:58
'2021-09-04 22:00,威廉希尔,切斯特菲尔德 - 布罗雷(2-2),1.73,3.50,4.50,1.67,3.70,4.60,'2021-09-04 21:29:00,'2021-08-31 04:22:00
'2021-09-04 22:00,百家欧赔,达根汉姆 - 石威德(2-2),1.37,4.70,7.03,1.43,4.35,6.17,'2021-09-04 21:51:49,'2021-08-31 00:18:58
'2021-09-04 22:00,威廉希尔,达根汉姆 - 石威德(2-2),1.36,4.40,7.50,1.44,4.20,6.50,'2021-09-04 21:53:00,'2021-08-31 04:22:00
'2021-09-04 22:00,百家欧赔,伊斯特利 - 京士拉(3-3),1.99,3.40,3.45,2.00,3.31,3.44,'2021-09-04 21:41:46,'2021-08-31 00:08:56
'2021-09-04 22:00,威廉希尔,伊斯特利 - 京士拉(3-3),2.05,3.25,3.40,2.00,3.25,3.50,'2021-09-04 21:53:00,'2021-08-31 04:22:00
'2021-09-04 22:00,百家欧赔,南安联 - 雷克斯汉姆(2-2),3.37,3.31,2.05,2.59,3.21,2.54,'2021-09-04 21:51:49,'2021-08-31 00:18:58
'2021-09-04 22:00,威廉希尔,南安联 - 雷克斯汉姆(2-2),3.30,3.25,2.10,2.50,3.10,2.70,'2021-09-04 20:41:00,'2021-08-31 04:22:00
'2021-09-04 22:00,百家欧赔,埃瓦尔 - 莱加内斯(1-1),2.23,2.84,3.59,2.25,2.92,3.36,'2021-09-04 21:51:49,'2021-08-30 10:36:11
'2021-09-04 22:00,威廉希尔,埃瓦尔 - 莱加内斯(1-1),2.20,2.80,3.80,2.38,2.80,3.40,'2021-09-04 21:53:00,'2021-08-29 04:21:00
'2021-09-04 22:00,百家欧赔,松博特海伊女足 - 迪欧斯捷尔女足	(2-2),1.85,3.77,3.29,2.30,3.61,2.56,'2021-09-04 21:01:32,'2021-09-03 18:02:27
'2021-09-04 22:00,威廉希尔,松博特海伊女足 - 迪欧斯捷尔女足	(2-2),1.85,3.60,3.30,1.91,3.40,3.30,'2021-09-04 20:41:00,'2021-09-04 18:21:00
'2021-09-04 22:00,百家欧赔,阿济纳诺 - 维琴察(1-1),4.87,3.78,1.60,4.88,3.77,1.60,'2021-09-04 21:41:47,'2021-09-04 11:48:22
'2021-09-04 22:00,威廉希尔,阿济纳诺 - 维琴察(1-1),5.00,3.60,1.60,4.80,3.50,1.65,'2021-09-04 21:03:00,'2021-09-04 18:21:00
'2021-09-04 22:00,百家欧赔,加巴尼亚 - 克拉科夫(2-2),8.37,5.96,1.23,8.38,5.96,1.23,'2021-09-04 21:51:50,'2021-09-04 11:08:08
'2021-09-04 22:00,威廉希尔,加巴尼亚 - 克拉科夫(2-2),9.00,5.50,1.25,9.00,5.50,1.25,'2021-09-04 21:39:00,'2021-09-04 18:21:00
'2021-09-04 23:00,百家欧赔,克罗地19 - 土耳其U19(1-1),1.81,3.55,3.69,1.77,3.47,3.89,'2021-09-04 22:52:08,'2021-09-04 10:58:05
'2021-09-04 23:00,威廉希尔,克罗地19 - 土耳其U19(1-1),1.80,3.40,3.70,1.75,3.30,4.00,'2021-09-04 22:44:00,'2021-09-04 16:19:00
'2021-09-04 23:00,百家欧赔,法国U19 - 斯洛伐19(1-1),1.17,6.19,11.98,1.21,5.67,9.79,'2021-09-04 22:52:08,'2021-09-04 10:58:05
'2021-09-04 23:00,威廉希尔,法国U19 - 斯洛伐19(1-1),1.15,5.80,12.00,1.25,4.75,10.00,'2021-09-04 22:55:00,'2021-09-04 18:21:00
'2021-09-04 23:30,百家欧赔,阿尔比诺勒菲 - 苏迪路(1-1),2.57,2.93,2.71,2.53,2.92,2.74,'2021-09-04 23:22:18,'2021-08-30 19:37:57
'2021-09-04 23:30,威廉希尔,阿尔比诺勒菲 - 苏迪路(1-1),2.60,2.90,2.70,2.40,2.88,2.88,'2021-09-04 23:02:00,'2021-09-01 22:23:00
'2021-09-04 23:30,百家欧赔,菲奥伦佐拉 - 雷纳特(2-2),2.64,3.00,2.60,2.69,3.00,2.52,'2021-09-04 23:12:15,'2021-08-30 19:37:57
'2021-09-04 23:30,威廉希尔,菲奥伦佐拉 - 雷纳特(2-2),2.70,2.90,2.60,2.63,3.00,2.50,'2021-09-04 19:08:00,'2021-09-01 22:23:00
'2021-09-04 23:30,百家欧赔,曼托瓦 - 吉安纳(1-1),2.37,2.87,3.06,2.28,2.95,3.08,'2021-09-04 23:22:18,'2021-08-30 19:37:57
'2021-09-04 23:30,威廉希尔,曼托瓦 - 吉安纳(1-1),2.38,2.80,3.10,2.20,3.00,3.00,'2021-09-04 21:07:00,'2021-09-01 22:23:00
'2021-09-04 23:30,百家欧赔,塞尔塔B队 - 巴达霍斯(0-0),3.20,3.03,2.17,3.20,3.13,2.12,'2021-09-04 23:22:18,'2021-08-31 22:34:07
'2021-09-04 23:30,威廉希尔,塞尔塔B队 - 巴达霍斯(0-0),3.25,2.90,2.10,3.20,3.10,2.10,'2021-09-04 23:13:00,'2021-09-02 00:18:00
'2021-09-04 23:30,百家欧赔,利亚格斯特拉 - 桑鲁玖诺(0-0),2.06,3.06,3.43,2.18,3.08,3.11,'2021-09-04 23:22:18,'2021-08-31 23:44:25
'2021-09-04 23:30,威廉希尔,利亚格斯特拉 - 桑鲁玖诺(0-0),2.10,2.80,3.40,2.10,3.30,3.00,'2021-09-04 23:28:00,'2021-09-02 00:18:00
'2021-09-04 23:59,百家欧赔,爱尔兰 - 阿塞拜疆(1-1),1.54,3.77,7.20,1.64,3.70,5.43,'2021-09-04 23:52:26,'2021-08-30 22:38:36
'2021-09-04 23:59,威廉希尔,爱尔兰 - 阿塞拜疆(1-1),1.53,3.60,7.00,1.65,3.60,5.50,'2021-09-04 15:52:00,'2021-08-31 08:23:00
'2021-09-04 23:59,威廉希尔,爱尔兰 - 阿塞拜疆(1-1),1.53,3.60,7.00,1.65,3.60,5.50,'2021-09-04 15:52:00,'2021-08-31 08:23:00
'2021-09-04 23:59,威廉希尔,爱尔兰 - 阿塞拜疆(1-1),1.53,3.60,7.00,1.65,3.60,5.50,'2021-09-04 15:52:00,'2021-08-31 08:23:00
'2021-09-03 00:45,百家欧赔,阿联酋 - 黎巴嫩(0-0),1.23,5.58,11.48,1.34,4.60,8.24,'2021-09-03 00:37:14,'2021-08-25 18:47:26
'2021-09-03 00:45,威廉希尔,阿联酋 - 黎巴嫩(0-0),1.20,6.00,15.00,1.40,4.20,8.50,'2021-09-03 00:40:00,'2021-08-26 02:23:00
'2021-09-03 01:30,百家欧赔,阿古达阿舒多 - 阿卡夏普尔(1-1),4.18,3.31,1.79,2.49,3.15,2.60,'2021-09-03 01:27:36,'2021-09-01 11:07:07
'2021-09-03 01:30,百家欧赔,阿古达阿舒多 - 阿卡夏普尔(1-1),4.18,3.31,1.79,2.49,3.15,2.60,'2021-09-03 01:27:36,'2021-09-01 11:07:07
'2021-09-03 01:30,百家欧赔,比尼叶胡达 - 拉马甘夏普尔(1-1),1.67,3.43,4.68,2.15,3.10,3.18,'2021-09-03 01:27:36,'2021-09-01 11:07:07
'2021-09-03 01:30,百家欧赔,比尼叶胡达 - 拉马甘夏普尔(1-1),1.67,3.43,4.68,2.15,3.10,3.18,'2021-09-03 01:27:36,'2021-09-01 11:07:07
'2021-09-03 01:30,百家欧赔,阿福拉哈普尔 - 拉马特沙龙(1-1),2.05,3.16,3.38,1.69,3.46,4.70,'2021-09-03 01:27:36,'2021-09-01 11:07:07
'2021-09-03 01:30,百家欧赔,阿福拉哈普尔 - 拉马特沙龙(1-1),2.05,3.16,3.38,1.69,3.46,4.70,'2021-09-03 01:27:36,'2021-09-01 11:07:07
'2021-09-03 01:30,百家欧赔,法萨巴夏普尔 - 彼达(0-0),1.87,3.32,3.74,1.53,3.72,5.48,'2021-09-03 01:27:36,'2021-09-01 11:07:07
'2021-09-03 01:30,百家欧赔,法萨巴夏普尔 - 彼达(0-0),1.87,3.32,3.74,1.53,3.72,5.48,'2021-09-03 01:27:36,'2021-09-01 11:07:07
'2021-09-03 01:30,百家欧赔,赖阿南纳 - 阿基纳扎力(0-0),2.26,3.01,3.06,2.21,3.11,3.04,'2021-09-03 01:07:23,'2021-09-01 11:07:07
'2021-09-03 01:30,百家欧赔,赖阿南纳 - 阿基纳扎力(0-0),2.26,3.01,3.06,2.21,3.11,3.04,'2021-09-03 01:07:23,'2021-09-01 11:07:07
'2021-09-03 01:30,百家欧赔,塞克特兹亚 - 乌姆阿法(1-1),2.11,3.01,3.37,1.96,3.22,3.56,'2021-09-03 01:27:36,'2021-09-01 11:07:07
'2021-09-03 01:30,百家欧赔,塞克特兹亚 - 乌姆阿法(1-1),2.11,3.01,3.37,1.96,3.22,3.56,'2021-09-03 01:27:36,'2021-09-01 11:07:07
'2021-09-03 02:45,百家欧赔,意大利 - 保加利亚(1-1),1.08,10.66,29.74,1.09,9.26,26.32,'2021-09-03 02:38:01,'2021-08-23 00:39:13
'2021-09-03 02:45,威廉希尔,意大利 - 保加利亚(1-1),1.06,10.00,34.00,1.08,9.00,29.00,'2021-09-03 01:59:00,'2021-08-26 04:31:00
'2021-09-03 02:45,百家欧赔,北马其顿 - 亚美尼亚(0-0),1.77,3.53,4.74,1.83,3.44,4.27,'2021-09-03 02:38:01,'2021-08-23 00:39:13
'2021-09-03 02:45,威廉希尔,北马其顿 - 亚美尼亚(0-0),1.73,3.30,5.50,1.83,3.40,4.40,'2021-09-03 02:36:00,'2021-08-26 04:31:00
'2021-09-03 04:00,百家欧赔,玻利维亚 - 哥伦比亚(1-1),3.71,3.23,2.08,3.78,3.22,2.01,'2021-09-03 03:48:21,'2021-08-23 18:53:51
'2021-09-03 04:00,威廉希尔,玻利维亚 - 哥伦比亚(1-1),3.70,3.20,2.05,4.20,3.20,1.91,'2021-09-03 03:44:00,'2021-08-26 04:31:00
'2021-09-03 06:00,百家欧赔,弗鲁米嫩塞 - 尤文图德(1-1),1.84,3.04,4.89,1.78,3.32,4.87,'2021-09-03 05:58:59,'2021-07-28 09:50:30
'2021-09-03 06:00,威廉希尔,弗鲁米嫩塞 - 尤文图德(1-1),1.85,3.00,5.00,1.95,3.10,4.20,'2021-09-02 17:45:00,'2021-08-31 18:18:00
'2021-09-03 07:00,百家欧赔,意达古 - 托利马体育(0-0),2.78,2.66,2.74,3.21,2.95,2.22,'2021-09-03 06:59:15,'2021-08-31 20:13:32
'2021-09-03 07:00,威廉希尔,意达古 - 托利马体育(0-0),2.88,2.63,2.70,3.25,2.90,2.25,'2021-09-03 05:52:00,'2021-09-02 18:20:00
'2021-09-03 08:05,百家欧赔,加拿大 - 洪都拉斯(1-1),1.51,3.75,6.45,1.58,3.53,5.73,'2021-09-03 07:59:31,'2021-08-29 11:10:38
'2021-09-03 08:05,威廉希尔,加拿大 - 洪都拉斯(1-1),1.50,3.70,7.50,1.75,3.30,5.00,'2021-09-03 07:53:00,'2021-08-26 08:22:00
'2021-09-03 09:00,百家欧赔,秘鲁 - 乌拉圭(1-1),3.31,2.97,2.36,3.60,2.95,2.20,'2021-09-03 08:59:46,'2021-08-23 18:53:51
'2021-09-03 09:00,威廉希尔,秘鲁 - 乌拉圭(1-1),3.25,2.90,2.38,3.50,3.00,2.20,'2021-09-03 07:42:00,'2021-08-26 10:20:00
'2021-09-03 09:05,百家欧赔,巴拿马 - 哥斯达黎加(0-0),2.51,2.91,2.97,3.00,2.96,2.37,'2021-09-03 08:59:47,'2021-08-29 11:10:38
'2021-09-03 09:05,威廉希尔,巴拿马 - 哥斯达黎加(0-0),2.60,2.90,2.90,3.25,3.10,2.30,'2021-09-03 08:13:00,'2021-08-26 10:20:00
'2021-09-03 10:05,百家欧赔,萨尔瓦多 - 美国(0-0),8.28,4.55,1.36,5.34,3.78,1.57,'2021-09-03 10:00:03,'2021-08-29 11:10:38
'2021-09-03 10:05,威廉希尔,萨尔瓦多 - 美国(0-0),9.50,4.60,1.33,4.60,3.60,1.73,'2021-09-03 07:18:00,'2021-08-26 10:20:00
'2021-09-03 16:15,百家欧赔,匹尼 - 马都拉联(1-1),3.27,3.12,2.12,2.67,3.20,2.49,'2021-09-03 16:11:52,'2021-09-03 07:09:18
'2021-09-03 16:15,威廉希尔,匹尼 - 马都拉联(1-1),3.70,2.90,2.05,2.50,3.40,2.40,'2021-09-03 16:02:00,'2021-09-03 12:17:00
'2021-09-03 16:30,百家欧赔,辽宁沈阳城市 - 浙江队(2-2),11.45,5.83,1.20,9.31,5.18,1.26,'2021-09-03 16:21:55,'2021-09-02 15:54:42
'2021-09-03 16:30,威廉希尔,辽宁沈阳城市 - 浙江队(2-2),15.00,5.00,1.20,9.00,5.00,1.25,'2021-09-03 16:29:00,'2021-09-03 12:17:00
'2021-09-03 21:00,百家欧赔,莫桑比克 - 科特迪瓦(0-0),6.95,3.46,1.52,5.59,3.45,1.61,'2021-09-03 20:53:23,'2021-09-01 19:19:08
'2021-09-03 21:00,威廉希尔,莫桑比克 - 科特迪瓦(0-0),8.00,3.60,1.50,6.00,3.40,1.65,'2021-09-03 20:54:00,'2021-09-02 10:17:00
'2021-09-03 21:00,百家欧赔,津巴布韦 - 南非(0-0),3.68,2.97,2.07,3.19,2.85,2.32,'2021-09-03 20:53:23,'2021-08-30 10:26:10
'2021-09-03 21:00,威廉希尔,津巴布韦 - 南非(0-0),3.75,3.00,2.10,3.40,2.75,2.40,'2021-09-03 20:56:00,'2021-08-31 18:27:00
'2021-09-03 21:00,威廉希尔,津巴布韦 - 南非(0-0),3.75,3.00,2.10,3.40,2.75,2.40,'2021-09-03 20:56:00,'2021-08-31 18:27:00
'2021-09-03 21:00,威廉希尔,津巴布韦 - 南非(0-0),3.75,3.00,2.10,3.40,2.75,2.40,'2021-09-03 20:56:00,'2021-08-31 18:27:00
'2021-09-03 21:00,威廉希尔,津巴布韦 - 南非(0-0),3.75,3.00,2.10,3.40,2.75,2.40,'2021-09-03 20:56:00,'2021-08-31 18:27:00
'2021-09-03 21:00,威廉希尔,津巴布韦 - 南非(0-0),3.75,3.00,2.10,3.40,2.75,2.40,'2021-09-03 20:56:00,'2021-08-31 18:27:00
'2021-09-03 23:59,百家欧赔,沙贝波 - 布赛廷(1-1),3.25,3.28,2.01,3.26,3.25,2.02,'2021-09-03 23:54:24,'2021-09-02 15:44:39
'2021-09-03 23:59,威廉希尔,沙贝波 - 布赛廷(1-1),3.30,3.20,2.05,3.30,3.20,2.05,'2021-09-03 18:18:00,'2021-09-03 18:18:00
'2021-09-02 01:00,百家欧赔,IFK吕勒奥 - 派提亚(0-0),2.77,3.71,2.14,2.36,3.46,2.58,'2021-09-02 00:40:31,'2021-08-26 16:54:33
'2021-09-02 01:00,威廉希尔,IFK吕勒奥 - 派提亚(0-0),2.70,3.50,2.15,2.30,3.25,2.63,'2021-09-02 00:58:00,'2021-09-01 07:03:00
'2021-09-02 01:00,百家欧赔,诺德施泰特 - 阿尔托那(1-1),1.15,7.24,12.25,1.36,4.76,6.76,'2021-09-02 00:50:35,'2021-08-31 13:11:43
'2021-09-02 01:00,威廉希尔,诺德施泰特 - 阿尔托那(1-1),1.15,6.50,12.00,1.40,4.33,6.50,'2021-09-02 00:58:00,'2021-08-31 20:17:00
'2021-09-02 01:00,百家欧赔,凤凰吕贝克 - 德罗特尔森(0-0),2.59,3.27,2.45,2.90,3.36,2.19,'2021-09-02 00:50:35,'2021-08-31 13:11:43
'2021-09-02 01:00,威廉希尔,凤凰吕贝克 - 德罗特尔森(0-0),2.75,3.25,2.38,2.80,3.30,2.25,'2021-09-02 00:55:00,'2021-08-31 20:17:00
'2021-09-02 02:45,百家欧赔,法国 - 波黑(1-1),1.16,7.49,16.72,1.19,6.37,14.52,'2021-09-02 02:41:13,'2021-08-23 00:29:10
'2021-09-02 02:45,威廉希尔,法国 - 波黑(1-1),1.14,7.50,17.00,1.18,6.00,17.00,'2021-09-02 02:33:00,'2021-08-25 04:18:00
'2021-09-02 02:45,百家欧赔,土耳其 - 黑山(2-2),1.62,3.86,5.61,1.52,3.91,6.27,'2021-09-02 02:41:13,'2021-08-23 00:29:10
'2021-09-02 02:45,威廉希尔,土耳其 - 黑山(2-2),1.62,4.00,5.00,1.55,3.80,6.00,'2021-09-02 01:40:00,'2021-08-25 04:18:00
'2021-09-02 02:45,百家欧赔,挪威 - 荷兰(1-1),4.52,3.71,1.77,4.55,3.68,1.73,'2021-09-02 02:41:13,'2021-08-23 00:29:10
'2021-09-02 02:45,威廉希尔,挪威 - 荷兰(1-1),4.75,3.60,1.73,4.80,3.60,1.70,'2021-09-02 02:35:00,'2021-08-25 04:18:00
'2021-09-02 02:45,百家欧赔,俄罗斯 - 克罗地亚(0-0),2.78,3.17,2.63,3.05,3.24,2.32,'2021-09-02 02:31:10,'2021-08-21 00:50:27
'2021-09-02 02:45,威廉希尔,俄罗斯 - 克罗地亚(0-0),2.63,3.10,2.70,3.20,3.10,2.30,'2021-09-02 02:33:00,'2021-08-25 04:18:00
'2021-09-02 02:45,百家欧赔,斯洛文尼亚 - 斯洛伐克(1-1),2.05,3.08,4.14,2.27,3.11,3.24,'2021-09-02 02:41:13,'2021-08-23 00:29:10
'2021-09-02 02:45,威廉希尔,斯洛文尼亚 - 斯洛伐克(1-1),1.95,3.00,4.40,2.20,3.10,3.40,'2021-09-02 01:30:00,'2021-08-25 04:18:00
'2021-09-02 04:00,百家欧赔,拉尼罗斯 - 波哥大公平(0-0),2.86,2.92,2.46,3.30,3.01,2.16,'2021-09-02 03:41:29,'2021-08-31 14:11:57
'2021-09-02 04:00,威廉希尔,拉尼罗斯 - 波哥大公平(0-0),3.00,2.90,2.40,3.30,3.00,2.10,'2021-09-02 03:59:00,'2021-08-31 18:17:00
'2021-09-02 04:30,百家欧赔,科金博 - 伊瓦顿(0-0),3.00,3.11,2.27,3.01,3.26,2.18,'2021-09-02 04:21:40,'2021-08-31 13:51:52
'2021-09-02 04:30,威廉希尔,科金博 - 伊瓦顿(0-0),3.00,3.10,2.30,3.00,3.30,2.10,'2021-09-02 04:27:00,'2021-08-31 18:17:00
'2021-09-02 06:00,百家欧赔,奥哈卡 - 拉亚伊斯(0-0),2.06,3.11,3.33,2.08,3.14,3.31,'2021-09-02 05:52:04,'2021-08-30 04:35:07
'2021-09-02 06:00,威廉希尔,奥哈卡 - 拉亚伊斯(0-0),2.20,3.00,3.25,2.20,3.00,3.25,'2021-09-02 05:57:00,'2021-09-01 07:03:00
'2021-09-02 06:30,百家欧赔,贾奎斯科 - 卡利阿美利加(1-1),3.12,2.81,2.37,2.58,2.98,2.67,'2021-09-02 06:22:12,'2021-08-31 14:01:55
'2021-09-02 06:30,威廉希尔,贾奎斯科 - 卡利阿美利加(1-1),3.10,2.80,2.38,2.63,2.88,2.70,'2021-09-02 06:27:00,'2021-09-01 18:19:00
'2021-09-02 08:00,百家欧赔,康塞普西 - 科布雷罗阿(0-0),2.06,2.91,3.63,2.15,3.07,3.16,'2021-09-02 07:52:34,'2021-08-30 10:36:11
'2021-09-02 08:00,威廉希尔,康塞普西 - 科布雷罗阿(0-0),2.05,3.00,3.60,2.20,3.00,3.20,'2021-09-02 07:58:00,'2021-09-01 07:03:00
'2021-09-02 10:05,百家欧赔,克雷卡米诺斯 - 提拉卡拉(1-1),2.37,3.01,2.87,2.36,2.99,2.92,'2021-09-02 10:03:09,'2021-08-30 05:15:14
'2021-09-02 10:05,威廉希尔,克雷卡米诺斯 - 提拉卡拉(1-1),2.40,3.00,2.88,2.38,2.90,3.00,'2021-09-02 08:11:00,'2021-09-01 07:03:00
'2021-09-02 15:00,百家欧赔,东莞莞联 - 上海嘉定(0-0),9.24,4.93,1.38,5.50,3.78,1.92,'2021-09-02 14:54:25,'2021-09-01 11:07:08
'2021-09-02 15:00,威廉希尔,东莞莞联 - 上海嘉定(0-0),11.00,4.75,1.22,2.40,3.20,2.60,'2021-09-02 14:58:00,'2021-09-01 00:21:00
'2021-09-02 17:00,百家欧赔,华川女足 - 昌宁女足(1-1),1.47,4.20,5.53,1.50,4.14,5.28,'2021-09-02 16:04:44,'2021-09-02 13:13:57
'2021-09-02 17:00,百家欧赔,华川女足 - 昌宁女足(1-1),1.47,4.20,5.53,1.50,4.14,5.28,'2021-09-02 16:04:44,'2021-09-02 13:13:57
'2021-09-02 19:00,百家欧赔,韩国 - 伊拉克(0-0),1.38,4.16,8.31,1.42,4.08,7.22,'2021-09-02 18:55:33,'2021-08-25 18:47:26
'2021-09-02 19:00,威廉希尔,韩国 - 伊拉克(0-0),1.40,3.90,10.00,1.62,3.50,6.00,'2021-09-02 18:59:00,'2021-08-25 20:27:00
'2021-09-02 19:00,百家欧赔,美因茨 - 卡尔斯鲁厄(0-0),1.54,3.99,5.05,1.32,5.07,7.66,'2021-09-02 18:55:34,'2021-09-02 10:13:11
'2021-09-02 19:00,百家欧赔,美因茨 - 卡尔斯鲁厄(0-0),1.54,3.99,5.05,1.32,5.07,7.66,'2021-09-02 18:55:34,'2021-09-02 10:13:11
'2021-09-02 19:30,百家欧赔,尼泊尔 - 印度(1-1),6.34,3.33,1.60,5.99,3.64,1.57,'2021-09-02 19:25:42,'2021-08-29 19:22:55
'2021-09-02 19:30,威廉希尔,尼泊尔 - 印度(1-1),6.50,3.20,1.60,7.50,3.50,1.50,'2021-09-02 19:08:00,'2021-09-02 18:20:00
'2021-09-02 21:00,百家欧赔,肯尼亚 - 乌干达(0-0),2.35,2.75,3.33,2.70,2.81,2.75,'2021-09-02 20:56:09,'2021-08-30 10:26:10
'2021-09-02 21:00,威廉希尔,肯尼亚 - 乌干达(0-0),2.38,2.70,3.60,3.00,2.80,2.63,'2021-09-02 20:57:00,'2021-08-31 18:18:00
'2021-09-02 21:00,百家欧赔,民主刚果 - 坦桑尼亚(1-1),1.49,3.72,6.63,1.52,3.65,6.29,'2021-09-02 20:56:09,'2021-08-30 10:56:15
'2021-09-02 21:00,威廉希尔,民主刚果 - 坦桑尼亚(1-1),1.53,3.60,7.50,1.57,3.60,6.50,'2021-09-02 20:55:00,'2021-08-31 18:18:00
'2021-09-02 23:00,百家欧赔,索史尔扎普 - 济斯科夫(1-1),3.55,3.68,1.84,3.62,3.68,1.84,'2021-09-02 22:56:44,'2021-08-31 02:09:24
'2021-09-02 23:00,威廉希尔,索史尔扎普 - 济斯科夫(1-1),3.30,3.40,1.91,3.10,3.75,1.91,'2021-09-02 22:58:00,'2021-09-01 00:21:00
'2021-09-02 23:59,百家欧赔,腓特烈西亚 - 维堡(1-1),4.18,4.05,1.64,5.05,4.20,1.51,'2021-09-02 23:57:02,'2021-08-31 13:51:52
'2021-09-02 23:59,威廉希尔,腓特烈西亚 - 维堡(1-1),4.33,4.00,1.62,5.00,4.33,1.50,'2021-09-02 23:58:00,'2021-09-01 16:21:00
'2021-09-02 23:59,百家欧赔,纳米比亚 - 刚果(1-1),2.84,2.68,2.73,2.78,2.77,2.69,'2021-09-02 23:57:02,'2021-08-30 10:26:10
'2021-09-02 23:59,威廉希尔,纳米比亚 - 刚果(1-1),2.90,2.75,2.75,2.90,2.70,2.80,'2021-09-02 23:57:00,'2021-08-31 18:18:00
'2021-09-01 00:15,百家欧赔,艾希斯特 - 阿莎芬堡(0-0),2.17,3.40,2.93,1.94,3.61,3.26,'2021-09-01 00:04:29,'2021-08-26 00:09:11
'2021-09-01 00:15,威廉希尔,艾希斯特 - 阿莎芬堡(0-0),2.20,3.20,3.00,1.91,3.50,3.40,'2021-08-31 23:55:00,'2021-08-31 07:01:00
'2021-09-01 00:15,百家欧赔,纽伦堡青年队 - 奥布斯塔特(1-1),3.13,3.51,2.02,2.53,3.43,2.41,'2021-09-01 00:04:29,'2021-08-22 01:01:21
'2021-09-01 00:15,威廉希尔,纽伦堡青年队 - 奥布斯塔特(1-1),3.30,3.40,2.00,2.60,3.25,2.45,'2021-08-31 23:55:00,'2021-08-30 16:17:00
'2021-09-01 00:30,百家欧赔,科尔丁IF - 埃斯比约(1-1),4.66,4.13,1.58,3.74,3.64,1.82,'2021-09-01 00:24:35,'2021-08-30 23:18:45
'2021-09-01 00:30,威廉希尔,科尔丁IF - 埃斯比约(1-1),4.40,4.00,1.60,3.80,3.40,1.83,'2021-09-01 00:27:00,'2021-08-31 14:17:00
'2021-09-01 01:30,百家欧赔,努曼西亚 - 奥萨苏纳(1-1),3.89,3.72,1.77,4.01,3.73,1.75,'2021-09-01 01:24:53,'2021-08-31 23:54:27
'2021-09-01 01:30,百家欧赔,努曼西亚 - 奥萨苏纳(1-1),3.89,3.72,1.77,4.01,3.73,1.75,'2021-09-01 01:24:53,'2021-08-31 23:54:27
'2021-09-01 02:00,百家欧赔,阿费查尔丁 - 维斯崔(2-2),2.26,3.70,2.61,2.40,3.69,2.49,'2021-09-01 01:55:00,'2021-08-10 02:44:00
'2021-09-01 02:00,威廉希尔,阿费查尔丁 - 维斯崔(2-2),2.30,3.50,2.63,2.25,3.90,2.50,'2021-09-01 01:55:00,'2021-08-16 20:27:00
'2021-09-01 02:00,百家欧赔,卡利斯尔联 - 哈特利普(3-3),2.01,3.30,3.44,1.74,3.47,4.22,'2021-09-01 01:55:00,'2021-08-30 01:44:32
'2021-09-01 02:00,威廉希尔,卡利斯尔联 - 哈特利普(3-3),2.10,3.20,3.20,1.70,3.50,4.00,'2021-09-01 01:59:00,'2021-08-30 04:25:00
'2021-09-01 02:00,百家欧赔,维冈竞技 - 狼队U23(0-0),1.40,4.62,6.21,1.48,4.25,5.31,'2021-09-01 01:55:00,'2021-08-30 02:24:41
'2021-09-01 02:00,威廉希尔,维冈竞技 - 狼队U23(0-0),1.40,4.00,7.50,1.50,4.50,4.50,'2021-09-01 01:59:00,'2021-08-30 04:25:00
'2021-09-01 02:00,百家欧赔,格兰森林流浪 - 北安普敦(1-1),1.87,3.41,3.75,2.03,3.31,3.25,'2021-09-01 01:55:00,'2021-08-30 01:44:32
'2021-09-01 02:00,威廉希尔,格兰森林流浪 - 北安普敦(1-1),1.80,3.40,4.00,2.05,3.25,3.00,'2021-09-01 01:59:00,'2021-08-30 04:25:00
'2021-09-01 02:45,百家欧赔,康纳斯基 - 卡纳芬(1-1),1.18,6.33,11.62,1.32,4.94,7.36,'2021-09-01 02:35:09,'2021-08-30 13:06:39
'2021-09-01 02:45,威廉希尔,康纳斯基 - 卡纳芬(1-1),1.14,7.00,13.00,1.30,5.00,8.50,'2021-09-01 02:42:00,'2021-08-30 16:17:00
'2021-09-01 02:45,百家欧赔,斯托克港 - 格林斯比(0-0),1.94,3.25,3.82,1.95,3.44,3.49,'2021-09-01 02:35:10,'2021-08-29 01:07:35
'2021-09-01 02:45,威廉希尔,斯托克港 - 格林斯比(0-0),2.00,3.10,3.70,1.95,3.40,3.50,'2021-09-01 02:42:00,'2021-08-29 12:23:00
'2021-09-01 02:45,百家欧赔,阿克宁顿 - 巴罗(2-2),1.90,3.42,3.85,1.43,4.24,6.42,'2021-09-01 02:35:10,'2021-08-30 01:44:32
'2021-09-01 02:45,威廉希尔,阿克宁顿 - 巴罗(2-2),2.00,3.20,3.50,1.50,4.00,5.00,'2021-09-01 02:44:00,'2021-08-30 04:25:00
'2021-09-01 08:00,百家欧赔,圣塔克鲁兹 - 圣地亚哥早晨(1-1),2.36,2.85,3.02,2.45,3.10,2.64,'2021-09-01 07:46:21,'2021-08-30 10:36:11
'2021-09-01 08:00,威廉希尔,圣塔克鲁兹 - 圣地亚哥早晨(1-1),2.50,2.75,3.00,2.40,3.10,2.75,'2021-09-01 07:50:00,'2021-08-31 07:01:00
'2021-09-01 15:00,百家欧赔,河北功夫 - 青岛青春岛(0-0),1.82,3.38,3.99,2.33,3.10,3.04,'2021-09-01 14:58:02,'2021-09-01 10:47:03
'2021-09-01 15:00,威廉希尔,河北功夫 - 青岛青春岛(0-0),2.15,3.10,3.25,3.00,3.00,2.30,'2021-09-01 10:55:00,'2021-09-01 09:54:00
'2021-09-01 18:00,百家欧赔,南阿德莱 - 阿德莱德彗星(1-1),3.66,3.91,1.75,3.60,3.89,1.78,'2021-09-01 17:58:47,'2021-08-31 10:21:06
'2021-09-01 18:00,威廉希尔,南阿德莱 - 阿德莱德彗星(1-1),3.60,3.80,1.80,3.25,4.00,1.80,'2021-09-01 17:25:00,'2021-09-01 10:17:00
'2021-09-01 18:00,百家欧赔,浦和红钻 - 川崎前锋(1-1),5.18,3.57,1.64,4.87,3.77,1.63,'2021-09-01 17:58:48,'2021-08-30 15:17:04
'2021-09-01 18:00,威廉希尔,浦和红钻 - 川崎前锋(1-1),5.00,3.60,1.60,4.80,3.70,1.60,'2021-09-01 17:14:00,'2021-08-30 15:19:00
'2021-09-01 18:00,百家欧赔,沃尔夫斯堡 - 汉诺威96(3-3),1.69,3.78,4.10,1.72,3.71,4.07,'2021-09-01 17:58:48,'2021-09-01 11:37:15
'2021-09-01 18:00,百家欧赔,沃尔夫斯堡 - 汉诺威96(3-3),1.69,3.78,4.10,1.72,3.71,4.07,'2021-09-01 17:58:48,'2021-09-01 11:37:15
'2021-09-01 21:00,百家欧赔,彭亨 - 吉达(2-2),3.47,3.64,1.85,3.41,3.48,1.95,'2021-09-01 20:59:34,'2021-08-31 11:31:21
'2021-09-01 21:00,威廉希尔,彭亨 - 吉达(2-2),4.20,3.50,1.70,3.20,3.60,1.91,'2021-09-01 20:59:00,'2021-09-01 07:03:00
'2021-09-01 21:00,百家欧赔,中非 - 佛得角(1-1),6.25,3.46,1.59,3.60,3.05,2.13,'2021-09-01 20:59:34,'2021-08-30 10:16:08
'2021-09-01 21:00,威廉希尔,中非 - 佛得角(1-1),7.00,3.60,1.53,4.20,3.10,1.95,'2021-09-01 20:59:00,'2021-08-31 18:27:00
'2021-09-01 22:00,百家欧赔,哈萨克斯坦 - 乌克兰(2-2),8.44,4.45,1.40,7.28,4.09,1.45,'2021-09-01 21:59:49,'2021-08-23 00:19:07
'2021-09-01 22:00,威廉希尔,哈萨克斯坦 - 乌克兰(2-2),9.50,4.40,1.35,8.00,4.00,1.44,'2021-09-01 21:48:00,'2021-08-24 22:23:00
'2021-09-01 23:30,百家欧赔,MP米凯利 - PK35万塔(1-1),2.20,3.50,2.99,2.66,3.20,2.49,'2021-09-01 23:20:11,'2021-06-26 07:44:29
'2021-09-01 23:30,威廉希尔,MP米凯利 - PK35万塔(1-1),2.00,3.50,3.20,2.88,3.00,2.38,'2021-09-01 23:25:00,'2021-06-27 06:17:00
'2021-09-01 23:59,百家欧赔,芬兰 - 威尔士(0-0),2.86,2.91,2.67,2.76,3.12,2.58,'2021-09-01 23:50:19,'2021-08-29 19:22:55
'2021-09-01 23:59,威廉希尔,芬兰 - 威尔士(0-0),2.75,2.88,2.63,2.60,3.40,2.60,'2021-09-01 23:49:00,'2021-08-30 22:21:00
'2021-09-01 23:59,百家欧赔,几内亚比绍 - 几内亚(1-1),4.13,3.10,1.91,3.58,2.95,2.12,'2021-09-01 23:50:19,'2021-08-30 10:26:10
'2021-09-01 23:59,威廉希尔,几内亚比绍 - 几内亚(1-1),4.20,3.20,1.95,3.90,3.00,2.10,'2021-09-01 23:53:00,'2021-08-31 18:27:00
